{"cameraMode":{"drawMode":0,"name":"Shaded","section":"Shading Mode"},"sceneLighting":true,"audioPlay":false,"sceneViewState":{"m_AlwaysRefresh":false,"showFog":true,"showSkybox":true,"showFlares":true,"showImageEffects":true,"showParticleSystems":true,"showVisualEffectGraphs":true,"m_FxEnabled":true},"in2DMode":false,"pivot":{"x":0.5337891578674316,"y":7.953231334686279,"z":-7.147616386413574},"rotation":{"x":0.1569710075855255,"y":0.3477819859981537,"z":-0.05798811465501785,"w":0.9227304458618164},"size":0.45454591512680056,"orthographic":false}